edge_id,bins_n,context_observation_weight_n,baseline_edge_risk,historical_heavy_edge_risk,dynamic_heavy_edge_risk,baseline_rank,historical_heavy_rank,dynamic_heavy_rank,rank_shift_baseline_vs_historical_heavy,rank_shift_baseline_vs_dynamic_heavy,rank_shift_historical_vs_dynamic_heavy,max_rank_change_across_scenarios,historical_only_fallback_bins_n,dynamic_available_bins_n,primary_shift_driver
m8e_6cafd5143d92f43a,1,1,38.092,45.711,22.856,16559,10666,43277,5893,26718,32611,32611,0,1,historical_heavy_vs_dynamic_heavy
m8e_3d42641dc0222471,1,1,35.105,42.077,21.162,19543,12240,44646,7303,25103,32406,32406,0,1,historical_heavy_vs_dynamic_heavy
m8e_1b376f59200a8b77,1,1,36.323,43.471,22.026,18226,11634,43956,6592,25730,32322,32322,0,1,historical_heavy_vs_dynamic_heavy
m8e_676d64282d649056,1,1,35.056,41.976,21.216,19610,12293,44599,7317,24989,32306,32306,0,1,historical_heavy_vs_dynamic_heavy
m8e_c2588122f72a0731,1,1,36.144,43.241,21.95,18399,11725,44018,6674,25619,32293,32293,0,1,historical_heavy_vs_dynamic_heavy
m8e_58e6342cfadd8577,1,1,33.104,39.724,19.863,22046,13422,45638,8624,23592,32216,32216,0,1,historical_heavy_vs_dynamic_heavy
m8e_9a65b94f40134bfb,1,1,38.058,45.474,23.227,16601,10762,42946,5839,26345,32184,32184,0,1,historical_heavy_vs_dynamic_heavy
m8e_b4640528ad1df40e,1,1,42.585,51.102,25.551,13065,8690,40848,4375,27783,32158,32158,0,1,historical_heavy_vs_dynamic_heavy
m8e_cca126a770adde19,1,1,40.59,48.589,24.592,14448,9562,41719,4886,27271,32157,32157,0,1,historical_heavy_vs_dynamic_heavy
m8e_87b93fa0b5cbb4c3,1,1,40.23,48.13,24.43,14733,9735,41871,4998,27138,32136,32136,0,1,historical_heavy_vs_dynamic_heavy
m8e_e95f5944f1e7a6de,1,1,42.545,51.024,25.587,13099,8719,40813,4380,27714,32094,32094,0,1,historical_heavy_vs_dynamic_heavy
m8e_e9349c7ed5f62cad,1,1,35.775,42.702,21.919,18792,11960,44040,6832,25248,32080,32080,0,1,historical_heavy_vs_dynamic_heavy
m8e_f335e01d72b6421a,1,1,41.084,49.16,24.931,14090,9345,41414,4745,27324,32069,32069,0,1,historical_heavy_vs_dynamic_heavy
m8e_6077e02bab7f3fe8,1,1,32.248,38.697,19.349,23227,14002,46025,9225,22798,32023,32023,0,1,historical_heavy_vs_dynamic_heavy
m8e_085c44035ea347e9,1,1,40.754,48.691,24.881,14322,9512,41454,4810,27132,31942,31942,0,1,historical_heavy_vs_dynamic_heavy
m8e_6cbacf40a54abaeb,1,1,40.895,48.86,24.965,14219,9456,41384,4763,27165,31928,31928,0,1,historical_heavy_vs_dynamic_heavy
m8e_d3944d2c2a65c20c,1,1,32.503,38.923,19.662,22904,13874,45798,9030,22894,31924,31924,0,1,historical_heavy_vs_dynamic_heavy
m8e_38973df324596f69,2,2,38.289500000000004,45.6035,23.6605,16394,10706,42544,5688,26150,31838,31838,0,2,historical_heavy_vs_dynamic_heavy
m8e_68d777055a4f2409,1,1,33.957,40.486,20.9,20942,13029,44828,7913,23886,31799,31799,0,1,historical_heavy_vs_dynamic_heavy
m8e_ae0c70be5636d422,1,1,41.426,49.463,25.352,13853,9243,41038,4610,27185,31795,31795,0,1,historical_heavy_vs_dynamic_heavy
m8e_b16c22a64a868106,1,1,42.626,50.983,25.911,13035,8737,40526,4298,27491,31789,31789,0,1,historical_heavy_vs_dynamic_heavy
m8e_1b69a6e6bbe2f6e6,1,1,37.795,44.986,23.415,16834,10981,42762,5853,25928,31781,31781,0,1,historical_heavy_vs_dynamic_heavy
m8e_2a2daa29cacc4ae4,1,1,35.684,42.438,22.177,18902,12062,43836,6840,24934,31774,31774,0,1,historical_heavy_vs_dynamic_heavy
m8e_77a5b2f4643b0a8e,1,2,34.207,40.734,21.154,20646,12884,44651,7762,24005,31767,31767,0,1,historical_heavy_vs_dynamic_heavy
m8e_a817ce171e0c8ec5,1,1,41.544,49.595,25.441,13785,9205,40961,4580,27176,31756,31756,0,1,historical_heavy_vs_dynamic_heavy
m8e_e29e6a0fbfd88dc1,1,1,43.643,52.269,26.392,12393,8340,40077,4053,27684,31737,31737,0,1,historical_heavy_vs_dynamic_heavy
m8e_66d18abd14d73b37,1,1,38.569,45.864,23.98,16130,10606,42280,5524,26150,31674,31674,0,1,historical_heavy_vs_dynamic_heavy
m8e_9020c2dbe79c5e59,1,1,35.008,41.597,21.829,19658,12467,44111,7191,24453,31644,31644,0,1,historical_heavy_vs_dynamic_heavy
m8e_ea92762f5b41f27a,1,1,43.675,52.26,26.506,12377,8344,39961,4033,27584,31617,31617,0,1,historical_heavy_vs_dynamic_heavy
m8e_8830f94e8d08ed13,1,1,32.874,39.154,20.315,22388,13737,45301,8651,22913,31564,31564,0,1,historical_heavy_vs_dynamic_heavy
m8e_1edba6ee7a08135c,1,1,30.791,36.896,18.581,25454,15109,46619,10345,21165,31510,31510,0,1,historical_heavy_vs_dynamic_heavy
m8e_8fdf6533fdbe397b,1,1,30.622,36.703,18.462,25713,15240,46712,10473,20999,31472,31472,0,1,historical_heavy_vs_dynamic_heavy
m8e_1788259e24a985fc,1,1,34.645,41.096,21.743,20085,12719,44183,7366,24098,31464,31464,0,1,historical_heavy_vs_dynamic_heavy
m8e_546efb6c721baec3,1,1,30.243,36.291,18.146,26294,15495,46928,10799,20634,31433,31433,0,1,historical_heavy_vs_dynamic_heavy
m8e_d9865f4a13b5d378,1,1,33.49,39.747,20.976,21529,13410,44769,8119,23240,31359,31359,0,1,historical_heavy_vs_dynamic_heavy
m8e_f9815f2c7d2f96f3,1,1,34.241,40.561,21.602,20597,12987,44297,7610,23700,31310,31310,0,1,historical_heavy_vs_dynamic_heavy
m8e_f02ca1937de070a6,1,1,33.939,40.208,21.401,20952,13162,44462,7790,23510,31300,31300,0,1,historical_heavy_vs_dynamic_heavy
m8e_f2652325352e3a32,1,1,31.569,37.625,19.456,24289,14665,45963,9624,21674,31298,31298,0,1,historical_heavy_vs_dynamic_heavy
m8e_c77a8f4a014ba8c7,1,1,36.372,43.035,23.047,18181,11816,43113,6365,24932,31297,31297,0,1,historical_heavy_vs_dynamic_heavy
m8e_bacf6d8ea0de4250,2,2,42.961,51.183499999999995,26.516,12818,8662,39950,4156,27132,31288,31288,0,2,historical_heavy_vs_dynamic_heavy
m8e_343590fffba4e684,1,1,35.7,42.22,22.661,18880,12171,43439,6709,24559,31268,31268,0,1,historical_heavy_vs_dynamic_heavy
m8e_acfcdbf2544c7060,1,1,43.997,52.501,26.988,12175,8269,39513,3906,27338,31244,31244,0,1,historical_heavy_vs_dynamic_heavy
m8e_0bfbc605244ff187,1,1,38.121,45.123,24.118,16540,10925,42159,5615,25619,31234,31234,0,1,historical_heavy_vs_dynamic_heavy
m8e_2d4d92362df4a62a,1,1,38.684,45.804,24.445,16026,10627,41852,5399,25826,31225,31225,0,1,historical_heavy_vs_dynamic_heavy
m8e_77ec453d84c5eab9,2,2,43.693,52.0975,26.884999999999998,12364,8388,39598,3976,27234,31210,31210,0,2,historical_heavy_vs_dynamic_heavy
m8e_e28e1b0430f58561,1,1,31.209,37.202,19.221,24826,14924,46133,9902,21307,31209,31209,0,1,historical_heavy_vs_dynamic_heavy
m8e_42d93d426c74c5bd,1,1,45.046,53.841,27.456,11560,7873,39040,3687,27480,31167,31167,0,1,historical_heavy_vs_dynamic_heavy
m8e_b0d23a29bab19c15,1,1,41.297,49.008,25.873,13935,9404,40566,4531,26631,31162,31162,0,1,historical_heavy_vs_dynamic_heavy
m8e_559b83d47e7b309d,1,1,46.093,55.231,27.816,10992,7546,38702,3446,27710,31156,31156,0,1,historical_heavy_vs_dynamic_heavy
m8e_c4ebf243a10e7355,1,1,34.02,40.23,21.601,20861,13146,44299,7715,23438,31153,31153,0,1,historical_heavy_vs_dynamic_heavy
