year,variable,n,missing_n,missing_pct,unique_n,mean,sd,p50,p95,zero_pct
2016,es_festivo,10189,0,0,2,0.0321915791539896,0.17651724964604504,0,0,96.78084208460103
2017,es_festivo,10409,0,0,2,0.037275434719953884,0.18944504376949453,0,0,96.27245652800461
2018,es_festivo,10675,0,0,2,0.0351288056206089,0.184113954083035,0,0,96.4871194379391
2019,es_festivo,21933,0,0,2,0.03761455341266585,0.1902665218233683,0,0,96.23854465873342
2020,es_festivo,14168,0,0,2,0.029573687182382836,0.1694140194283374,0,0,97.04263128176171
2021,es_festivo,17944,0,0,2,0.04006910387873384,0.19612678156327482,0,0,95.99308961212661
2022,es_festivo,20206,0,0,2,0.03682074631297635,0.18832613788714914,0,0,96.31792536870236
2023,es_festivo,20668,0,0,2,0.03527191794077802,0.1844707462605496,0,0,96.4728082059222
2024,es_festivo,20691,0,0,2,0.03803586100236818,0.1912874871117454,0,0,96.19641389976317
2016,hour_cos,10189,0,0,22,-0.2441536865643606,0.6630717245889196,-0.4999999999999998,0.9659258262890681,7.488467955638434
2017,hour_cos,10409,0,0,22,-0.23107594401353604,0.6650262454908609,-0.4999999999999998,0.9659258262890681,6.9651263329810735
2018,hour_cos,10675,0,0,22,-0.2228744690524622,0.6611433651150536,-0.4999999999999998,0.9659258262890681,7.587822014051522
2019,hour_cos,21933,0,0,22,-0.18231217231708807,0.6678736480974365,-0.25881904510252063,0.9659258262890681,8.525965440204258
2020,hour_cos,14168,0,0,22,-0.1674660818325085,0.6874454448387404,-0.25881904510252063,0.9659258262890681,7.8769057029926595
2021,hour_cos,17944,0,0,22,-0.16582248810879244,0.6860629823558207,-0.25881904510252063,0.9659258262890681,7.997102095407936
2022,hour_cos,20206,0,0,22,-0.16152200500148473,0.6703992350170579,-0.25881904510252063,0.9659258262890681,8.992378501435217
2023,hour_cos,20668,0,0,22,-0.18245505590514233,0.6698223987388654,-0.25881904510252063,0.9659258262890681,8.525256435068705
2024,hour_cos,20691,0,0,22,-0.1975346861294676,0.6679953224946172,-0.25881904510252063,0.9659258262890681,8.58827509545213
2016,hour_sin,10189,0,0,22,-0.2520745932443286,0.6612634357897255,-0.4999999999999997,0.9659258262890683,7.25291981548729
2017,hour_sin,10409,0,0,22,-0.2473814136666327,0.665756341964531,-0.4999999999999997,0.9659258262890683,7.032375828609857
2018,hour_sin,10675,0,0,22,-0.25615684587253285,0.669091157288003,-0.4999999999999997,0.9659258262890683,6.9882903981264635
2019,hour_sin,21933,0,0,22,-0.24545016488746244,0.6786034273494314,-0.4999999999999997,0.9659258262890683,7.44540190580404
2020,hour_sin,14168,0,0,22,-0.2940740914450153,0.6426171513677863,-0.4999999999999997,0.8660254037844387,8.370976849237719
2021,hour_sin,17944,0,0,22,-0.29859355545775934,0.6424263428013202,-0.4999999999999997,0.8660254037844387,7.65715559518502
2022,hour_sin,20206,0,0,22,-0.25249011902444607,0.6787998921839468,-0.4999999999999997,0.9659258262890683,7.1067999604078
2023,hour_sin,20668,0,0,22,-0.24645396294473024,0.6762783357842375,-0.4999999999999997,0.9659258262890683,7.567253725566092
2024,hour_sin,20691,0,0,22,-0.24282740761262359,0.6751597912148635,-0.4999999999999997,0.9659258262890683,7.892320332511719
2016,intensidad,10189,2095,20.561389734026893,3453,1932.9441561650606,1987.1740548266712,1522,5880.449999999974,0.13590313812700766
2017,intensidad,10409,3122,29.993275050437123,3216,1801.5283381364072,1895.9766274028073,1412,5272.699999999998,0.1783998902154522
2018,intensidad,10675,1667,15.615925058548008,3563,1865.8896536412078,1869.5235668107678,1513,5311.65,0.19982238010657194
2019,intensidad,21933,5137,23.421328591619933,5906,2393.5506072874496,2865.9035591518536,1405.5,7972.25,0.1905215527506549
2020,intensidad,14168,3268,23.066064370412196,4352,2003.2522018348625,2582.089226715876,1130,6888.299999999996,0.2477064220183486
2021,intensidad,17944,3235,18.02831029870709,5115,2123.7729961248215,2985.7883571823904,1187,7186.399999999994,0.5506832551499082
2022,intensidad,20206,3390,16.777194892606158,5099,1928.2305542340628,2428.7431227973266,1133,6312.75,0.35680304471931495
2023,intensidad,20668,2462,11.912134700987034,5568,2081.8381302867188,2692.5666059831437,1160,7284,0.3240689882456333
2024,intensidad,20691,2206,10.661640326712098,5615,2059.506735190695,2688.0995887962354,1152,7140,0.37868542061130644
2016,is_weekend,10189,0,0,2,0.21091373049366965,0.4079772843955342,0,1,78.90862695063304
2017,is_weekend,10409,0,0,2,0.20943414352963782,0.40692430641527855,0,1,79.05658564703621
2018,is_weekend,10675,0,0,2,0.20533957845433257,0.40396846800582575,0,1,79.46604215456674
2019,is_weekend,21933,0,0,2,0.23124971504126202,0.4216413048934859,0,1,76.87502849587379
2020,is_weekend,14168,0,0,2,0.23927159796725014,0.42665389789753955,0,1,76.07284020327498
2021,is_weekend,17944,0,0,2,0.24882969237628177,0.43234695978765114,0,1,75.11703076237183
2022,is_weekend,20206,0,0,2,0.2452241908344056,0.4302306911792119,0,1,75.47758091655943
2023,is_weekend,20668,0,0,2,0.24782272111476678,0.43175877471537855,0,1,75.21772788852333
2024,is_weekend,20691,0,0,2,0.23976608187134504,0.4269509548259479,0,1,76.0233918128655
2016,ocupacion,10189,2095,20.561389734026893,291,6.6237748126184,9.825863440714073,3.5,24.25,2.3721275018532246
2017,ocupacion,10409,3122,29.993275050437123,293,6.537040849000503,10.437404889269411,2.75,26.308333333333316,3.444490188006038
2018,ocupacion,10675,1745,16.346604215456676,293,6.454432624113475,10.139796854478506,2.75,25,2.0604703247480405
2019,ocupacion,21933,5137,23.421328591619933,357,9.516328292450584,12.158568229220885,5.5,36.25,3.4710645391759942
2020,ocupacion,14168,3272,23.094297007340487,318,7.5207262604013705,10.546798806233006,4.25,28.75,5.240455212922173
2021,ocupacion,17944,3237,18.039456085599642,336,7.956500305976745,10.816791947041109,4.5,30.5,4.61684911946692
2022,ocupacion,20206,3401,16.83163416806889,344,7.90735396211445,10.890282349108771,4.25,30.5,4.843796489140137
2023,ocupacion,20668,2469,11.946003483646217,352,7.976843965785666,11.081576821526589,4.25,30.5,4.4562888070773115
2024,ocupacion,20691,2210,10.68097240346044,364,8.330817235719568,11.449232991740764,4.5,33,4.842811536172285
2016,vmed,10189,2095,20.561389734026893,107,1.1234865332344948,8.642660443353762,0,0,98.20854954287125
2017,vmed,10409,3122,29.993275050437123,96,1.0129225561502218,8.206882172837373,0,0,98.40812405653904
2018,vmed,10675,4126,38.65105386416862,129,1.809054817529394,11.166762405826484,0,0,97.23621927011757
2019,vmed,21933,5142,23.444125290657915,338,6.357840509796915,19.822418908771574,0,65.75,90.0065511285808
2020,vmed,14168,3273,23.101355166572556,297,5.994385803885574,19.775145176461997,0,65.75,90.85819183111519
2021,vmed,17944,3238,18.04502897904592,323,6.176441588467292,19.704884381329965,0,65,90.41887664898681
2022,vmed,20206,3391,16.782143917648224,270,3.7887848151452075,15.55706650975557,0,50.07499999999982,94.07671721677075
2023,vmed,20668,2467,11.936326688600737,321,5.7129324396095456,19.129196180834878,0,64,91.2642162518543
2024,vmed,20691,2214,10.700304480208786,336,5.222479298587433,18.224427672692425,0,62.25,91.83850192130757
