comparison_family,old_model,new_model,split,segment,metric,old_value,new_value,absolute_delta,relative_delta_pct,improvement_direction,improvement_label
poisson,poisson_a,poisson_a2,validation,all,mean_poisson_deviance,0.2324696299665047,0.23375196601653841,0.0012823360500337222,0.5516144410856967,lower_is_better,none
poisson,poisson_a,poisson_a2,validation,all,mae,0.0627689227586265,0.06247105429452591,-0.00029786846410059103,-0.47454767583956053,lower_is_better,none
poisson,poisson_a,poisson_a2,validation,all,rmse,0.2042624596863863,0.20386751768658404,-0.00039494199980225075,-0.19335026142768658,lower_is_better,none
poisson,poisson_a,poisson_a2,validation,all,pearson_dispersion,1.5048160322988475,1.4932398642776017,-0.011576168021245836,-0.7692746337611372,lower_is_better,none
poisson,poisson_a,poisson_a2,validation,all,calibration_mean_abs_gap,0.0122439137201164,0.012995666440856488,0.0007517527207400888,6.13980740083933,lower_is_better,none
poisson,poisson_a,poisson_a2,validation,all,calibration_max_abs_gap,0.0517340497952169,0.05993409276029506,0.008200042965078154,15.85037900094242,lower_is_better,none
poisson,poisson_a,poisson_a2,validation,positive_obs,mean_poisson_deviance,4.780453403462537,4.8409831849674685,0.06052978150493171,1.2661933167487691,lower_is_better,none
poisson,poisson_a,poisson_a2,validation,positive_obs,mae,0.9856730867697586,0.9912694077014971,0.005596320931738452,0.5677664336031207,lower_is_better,none
poisson,poisson_a,poisson_a2,validation,positive_obs,rmse,1.0225104237642297,1.0265454622457102,0.004035038481480457,0.3946207674466559,lower_is_better,none
poisson,poisson_a,poisson_a2,validation,positive_obs,predicted_mean,0.06905548405304802,0.06272822628981868,-0.006327257763229344,-9.162571010824832,contextual_readout,descriptive
poisson,poisson_a,poisson_a2,validation,positive_obs,predicted_p95,0.22307926057008926,0.18776818237743836,-0.03531107819265089,-15.828938155170416,contextual_readout,descriptive
poisson,poisson_a,poisson_a2,validation,zero_obs,mean_poisson_deviance,0.05249463191048261,0.0514323995953629,-0.0010622323151197113,-2.0235065500242033,lower_is_better,material
poisson,poisson_a,poisson_a2,validation,zero_obs,mae,0.026247315955241306,0.02571619979768145,-0.0005311161575598557,-2.0235065500242033,lower_is_better,material
poisson,poisson_a,poisson_a2,validation,zero_obs,rmse,0.04472272440434532,0.0387990950973138,-0.005923629307031518,-13.245233571808004,lower_is_better,material
poisson,poisson_a,poisson_a2,validation,zero_obs,predicted_mean,0.026247315955241306,0.02571619979768145,-0.0005311161575598557,-2.0235065500242033,contextual_readout,descriptive
poisson,poisson_a,poisson_a2,validation,zero_obs,predicted_p95,0.07413455994843046,0.06893925145231654,-0.005195308496113923,-7.007944067824626,contextual_readout,descriptive
poisson,poisson_a,poisson_a2,test,all,mean_poisson_deviance,0.2954140860954617,0.2994259728556387,0.004011886760176997,1.3580553362240737,lower_is_better,none
poisson,poisson_a,poisson_a2,test,all,mae,0.0727300979959024,0.07270162625509693,-2.8471740805460777e-05,-0.0391471228418596,lower_is_better,none
poisson,poisson_a,poisson_a2,test,all,rmse,0.2368622559973684,0.23726400715758014,0.0004017511602117385,0.16961383675084227,lower_is_better,none
poisson,poisson_a,poisson_a2,test,all,pearson_dispersion,2.176845689866842,2.1665852125003524,-0.010260477366489607,-0.4713461047906083,lower_is_better,none
poisson,poisson_a,poisson_a2,test,all,calibration_mean_abs_gap,0.029459241472823,0.030278561215425038,0.0008193197426020378,2.7811976875164417,lower_is_better,none
poisson,poisson_a,poisson_a2,test,all,calibration_max_abs_gap,0.1352623532725141,0.14298391260332718,0.007721559330813088,5.708579766652738,lower_is_better,none
poisson,poisson_a,poisson_a2,test,positive_obs,mean_poisson_deviance,4.8884820935290305,4.981997260242198,0.09351516671316773,1.9129694028531965,lower_is_better,none
poisson,poisson_a,poisson_a2,test,positive_obs,mae,0.9908203616453957,0.9981410085306123,0.0073206468852166084,0.73884703712181,lower_is_better,none
poisson,poisson_a,poisson_a2,test,positive_obs,rmse,1.0283261357588354,1.034154191634016,0.005828055875180649,0.5667517018693623,lower_is_better,none
poisson,poisson_a,poisson_a2,test,positive_obs,predicted_mean,0.06844485368046455,0.06043491067539551,-0.008009943005069034,-11.702768834109179,contextual_readout,descriptive
poisson,poisson_a,poisson_a2,test,positive_obs,predicted_p95,0.2240173840487102,0.18246900883977452,-0.04154837520893567,-18.546942410461064,contextual_readout,descriptive
poisson,poisson_a,poisson_a2,test,zero_obs,mean_poisson_deviance,0.04558582136276609,0.044729404609397706,-0.0008564167533683803,-1.8786910661390221,lower_is_better,material
poisson,poisson_a,poisson_a2,test,zero_obs,mae,0.022792910681383043,0.022364702304698853,-0.00042820837668419015,-1.8786910661390221,lower_is_better,material
poisson,poisson_a,poisson_a2,test,zero_obs,rmse,0.04046961218007406,0.034421214578016904,-0.006048397602057158,-14.945528944394468,lower_is_better,material
poisson,poisson_a,poisson_a2,test,zero_obs,predicted_mean,0.022792910681383043,0.022364702304698853,-0.00042820837668419015,-1.8786910661390221,contextual_readout,descriptive
poisson,poisson_a,poisson_a2,test,zero_obs,predicted_p95,0.06559667515175234,0.05884978979407289,-0.00674688535767945,-10.285407518096159,contextual_readout,descriptive
negative_binomial,negative_binomial_b,negative_binomial_b2,validation,all,mean_poisson_deviance,0.2319868287134863,0.23345631597245892,0.0014694872589726127,0.6334356424982612,lower_is_better,marginal
negative_binomial,negative_binomial_b,negative_binomial_b2,validation,all,mae,0.0633222022281359,0.06264667935644468,-0.000675522871691217,-1.06680255569359,lower_is_better,marginal
negative_binomial,negative_binomial_b,negative_binomial_b2,validation,all,rmse,0.2041847615130476,0.20398178190510297,-0.0002029796079446311,-0.09940977301171444,lower_is_better,marginal
negative_binomial,negative_binomial_b,negative_binomial_b2,validation,all,pearson_dispersion,1.4220530719473607,1.4420552215941076,0.020002149646746847,1.406568435547619,lower_is_better,marginal
negative_binomial,negative_binomial_b,negative_binomial_b2,validation,all,calibration_mean_abs_gap,0.0116942659524021,0.012855043592550122,0.0011607776401480214,9.926041060401811,lower_is_better,marginal
negative_binomial,negative_binomial_b,negative_binomial_b2,validation,all,calibration_max_abs_gap,0.0518475086525462,0.06036116514986051,0.00851365649731431,16.42057008827214,lower_is_better,marginal
negative_binomial,negative_binomial_b,negative_binomial_b2,validation,positive_obs,mean_poisson_deviance,4.738548150550837,4.824887040954898,0.08633889040406029,1.8220536683588144,lower_is_better,none
negative_binomial,negative_binomial_b,negative_binomial_b2,validation,positive_obs,mae,0.9855967751972655,0.9917183973878319,0.006121622190566334,0.6211081797970678,lower_is_better,none
negative_binomial,negative_binomial_b,negative_binomial_b2,validation,positive_obs,rmse,1.0227054181702628,1.027422091713739,0.0047166735434762685,0.46119571282950056,lower_is_better,none
negative_binomial,negative_binomial_b,negative_binomial_b2,validation,positive_obs,predicted_mean,0.06888376736015633,0.06225770479593415,-0.006626062564222185,-9.619193052519982,contextual_readout,descriptive
negative_binomial,negative_binomial_b,negative_binomial_b2,validation,positive_obs,predicted_p95,0.21917180560392346,0.18333760556485684,-0.03583420003906662,-16.349821976565924,contextual_readout,descriptive
negative_binomial,negative_binomial_b,negative_binomial_b2,validation,zero_obs,mean_poisson_deviance,0.05365101980765244,0.0517620142867987,-0.0018890055208537412,-3.5209126082339735,lower_is_better,material
negative_binomial,negative_binomial_b,negative_binomial_b2,validation,zero_obs,mae,0.02682550990382622,0.02588100714339935,-0.0009445027604268706,-3.5209126082339735,lower_is_better,material
negative_binomial,negative_binomial_b,negative_binomial_b2,validation,zero_obs,rmse,0.04417407486287032,0.038504072262784995,-0.005670002600085322,-12.835588787511053,lower_is_better,material
negative_binomial,negative_binomial_b,negative_binomial_b2,validation,zero_obs,predicted_mean,0.02682550990382622,0.02588100714339935,-0.0009445027604268706,-3.5209126082339735,contextual_readout,descriptive
negative_binomial,negative_binomial_b,negative_binomial_b2,validation,zero_obs,predicted_p95,0.07537507041856906,0.07033189831025002,-0.005043172108319033,-6.6907693489552225,contextual_readout,descriptive
negative_binomial,negative_binomial_b,negative_binomial_b2,test,all,mean_poisson_deviance,0.2938582001267832,0.29856759103841585,0.004709390911632638,1.6026066005987931,lower_is_better,none
negative_binomial,negative_binomial_b,negative_binomial_b2,test,all,mae,0.073354731680047,0.07290046696896935,-0.000454264711077651,-0.619271178114355,lower_is_better,none
negative_binomial,negative_binomial_b,negative_binomial_b2,test,all,rmse,0.2368666010605704,0.23746481926140883,0.0005982182008384407,0.2525548972121516,lower_is_better,none
negative_binomial,negative_binomial_b,negative_binomial_b2,test,all,pearson_dispersion,2.0429949757748505,2.0872494307604494,0.04425445498559899,2.166155840339966,lower_is_better,none
negative_binomial,negative_binomial_b,negative_binomial_b2,test,all,calibration_mean_abs_gap,0.0288252011979641,0.030119354696561334,0.0012941534985972322,4.489659897633731,lower_is_better,none
negative_binomial,negative_binomial_b,negative_binomial_b2,test,all,calibration_max_abs_gap,0.1349757569492087,0.14390899356147535,0.008933236612266665,6.6184008255854705,lower_is_better,none
negative_binomial,negative_binomial_b,negative_binomial_b2,test,positive_obs,mean_poisson_deviance,4.83372862211794,4.958404687884921,0.1246760657669812,2.5792938642954537,lower_is_better,none
negative_binomial,negative_binomial_b,negative_binomial_b2,test,positive_obs,mae,0.990632436327243,0.9985190534132888,0.007886617086045877,0.7961194078487284,lower_is_better,none
negative_binomial,negative_binomial_b,negative_binomial_b2,test,positive_obs,rmse,1.0285480011135086,1.0351453485516402,0.006597347438131562,0.6414233882122427,lower_is_better,none
negative_binomial,negative_binomial_b,negative_binomial_b2,test,positive_obs,predicted_mean,0.06843930873113699,0.06004477800546468,-0.008394530725672311,-12.265656800611655,contextual_readout,descriptive
negative_binomial,negative_binomial_b,negative_binomial_b2,test,positive_obs,predicted_p95,0.22042225442330718,0.18027151623100052,-0.04015073819230666,-18.215374077065594,contextual_readout,descriptive
negative_binomial,negative_binomial_b,negative_binomial_b2,test,zero_obs,mean_poisson_deviance,0.046923482896005,0.04510759132622048,-0.0018158915697845252,-3.86989937172615,lower_is_better,material
negative_binomial,negative_binomial_b,negative_binomial_b2,test,zero_obs,mae,0.0234617414480025,0.02255379566311024,-0.0009079457848922626,-3.86989937172615,lower_is_better,material
negative_binomial,negative_binomial_b,negative_binomial_b2,test,zero_obs,rmse,0.04018877830795115,0.03426043850817673,-0.005928339799774425,-14.7512316854915,lower_is_better,material
negative_binomial,negative_binomial_b,negative_binomial_b2,test,zero_obs,predicted_mean,0.0234617414480025,0.02255379566311024,-0.0009079457848922626,-3.86989937172615,contextual_readout,descriptive
negative_binomial,negative_binomial_b,negative_binomial_b2,test,zero_obs,predicted_p95,0.06673743915359484,0.06031477630231248,-0.00642266285128236,-9.623777796598898,contextual_readout,descriptive
