model_name,split,segment,rows_n,positive_rows_n,zero_rows_n,zero_rows_pct,target_mean,target_variance,predicted_mean,predicted_p50,predicted_p95,predicted_p99,mean_poisson_deviance,mae,rmse,pearson_dispersion,calibration_bins_n,calibration_mean_abs_gap,calibration_max_abs_gap,fit_method,alpha_estimate,overdispersion_flag
poisson_baseline_a,train,all,2385168,85888,2299280,96.39907964554278,0.0392429380236528,0.0531634760157197,0.0392502663050932,0.0256251093431372,0.10954254455962549,0.203380548731525,0.2314310348096586,0.0722348064855507,0.2200619823377476,1.1058499668587118,10.0,0.002976365727808,0.0055035050440651,sklearn.PoissonRegressor,0.0,False
poisson_baseline_a,validation,all,510060,19416,490644,96.19338901305728,0.0401207701054777,0.0439143797994811,0.0278768563853613,0.0149862736920095,0.08183292108707316,0.18065788003619154,0.2324696299665047,0.0627689227586265,0.2042624596863863,1.5048160322988475,10.0,0.0122439137201164,0.0517340497952169,sklearn.PoissonRegressor,0.0,True
poisson_baseline_a,test,all,375408,19366,356042,94.84134594894088,0.0546072539743425,0.0594994014341455,0.0251479364882924,0.01272366433576695,0.07498002131665726,0.18372485332458996,0.2954140860954617,0.0727300979959024,0.2368622559973684,2.176845689866842,10.0,0.029459241472823,0.1352623532725141,sklearn.PoissonRegressor,0.0,True
poisson_baseline_a,test,positive_obs,19366,19366,0,0.0,1.05855623257255,0.09065358010241634,0.06844485368046455,0.03693612243718685,0.2240173840487102,0.48765956225399276,4.8884820935290305,0.9908203616453957,1.0283261357588354,,,,,sklearn.PoissonRegressor,0.0,
poisson_baseline_a,test,zero_obs,356042,0,356042,100.0,0.0,0.0,0.022792910681383043,0.01244367842844175,0.06559667515175234,0.15287017151138735,0.04558582136276609,0.022792910681383043,0.04046961218007406,,,,,sklearn.PoissonRegressor,0.0,
poisson_baseline_a,train,positive_obs,85888,85888,0,0.0,1.0898029992548435,0.3314822730386711,0.08759871343012023,0.055535953116965006,0.2378125718706464,0.5836888410132732,4.422181173950766,1.0036017608074186,1.117760664476029,,,,,sklearn.PoissonRegressor,0.0,
poisson_baseline_a,train,zero_obs,2299280,0,2299280,100.0,0.0,0.0,0.03744424379949389,0.025054307055617252,0.1040316718765797,0.18733087950065455,0.07488848759898778,0.03744424379949389,0.05971760633174537,,,,,sklearn.PoissonRegressor,0.0,
poisson_baseline_a,validation,positive_obs,19416,19416,0,0.0,1.053976102183766,0.08505526601316576,0.06905548405304802,0.04088774458625415,0.22307926057008926,0.4785039524200872,4.780453403462537,0.9856730867697586,1.0225104237642297,,,,,sklearn.PoissonRegressor,0.0,
poisson_baseline_a,validation,zero_obs,490644,0,490644,100.0,0.0,0.0,0.026247315955241306,0.0147315210646826,0.07413455994843046,0.1600899699122325,0.05249463191048261,0.026247315955241306,0.04472272440434532,,,,,sklearn.PoissonRegressor,0.0,
negative_binomial_baseline_b,train,all,2385168,85888,2299280,96.39907964554278,0.03924293802365284,0.05316347601571976,0.039089895840642055,0.025677978027788206,0.10910215225167913,0.1986003428865781,0.23146299137650259,0.07222955557021778,0.2208226254491933,1.0571235443465774,10.0,0.002676035165605402,0.004823571514155231,statsmodels.discrete.NegativeBinomial_mle,1.1048209247547707,False
negative_binomial_baseline_b,validation,all,510060,19416,490644,96.19338901305728,0.040120770105477786,0.043914379799481144,0.02842650415307559,0.01560901731310071,0.08302713274261378,0.178775384776183,0.23198682871348636,0.06332220222813599,0.20418476151304765,1.4220530719473607,10.0,0.011694265952402198,0.05184750865254627,statsmodels.discrete.NegativeBinomial_mle,1.1048209247547707,False
negative_binomial_baseline_b,test,all,375408,19366,356042,94.84134594894088,0.05460725397434258,0.059499401434145525,0.02578197854472181,0.013382416512184636,0.07700474978253426,0.1824595673304189,0.29385820012678326,0.07335473168004708,0.23686660106057048,2.0429949757748505,10.0,0.0288252011979641,0.13497575694920871,statsmodels.discrete.NegativeBinomial_mle,1.1048209247547707,True
negative_binomial_baseline_b,test,positive_obs,19366,19366,0,0.0,1.05855623257255,0.09065358010241634,0.06843930873113702,0.03869784968985644,0.22042225442330718,0.4672843503014681,4.8337286221179365,0.990632436327243,1.0285480011135086,,,,,statsmodels.discrete.NegativeBinomial_mle,1.1048209247547707,
negative_binomial_baseline_b,test,zero_obs,356042,0,356042,100.0,0.0,0.0,0.023461741448002553,0.013074462391716338,0.06673743915359484,0.15248591691328492,0.046923482896005106,0.023461741448002553,0.04018877830795117,,,,,statsmodels.discrete.NegativeBinomial_mle,1.1048209247547707,
negative_binomial_baseline_b,train,positive_obs,85888,85888,0,0.0,1.0898029992548435,0.3314822730386711,0.08522741655340388,0.0561624656834237,0.23138281716158937,0.541639356031933,4.427233228815697,1.0055382389951026,1.1246493879401354,,,,,statsmodels.discrete.NegativeBinomial_mle,1.1048209247547707,
negative_binomial_baseline_b,train,zero_obs,2299280,0,2299280,100.0,0.0,0.0,0.037366460948424635,0.02503648846787656,0.10373493296879464,0.18354807677068954,0.07473292189684927,0.037366460948424635,0.057767210595055137,,,,,statsmodels.discrete.NegativeBinomial_mle,1.1048209247547707,
negative_binomial_baseline_b,validation,positive_obs,19416,19416,0,0.0,1.053976102183766,0.08505526601316576,0.0688837673601564,0.04241640178581928,0.21917180560392352,0.45512611352486276,4.738548150550833,0.9855967751972653,1.0227054181702628,,,,,statsmodels.discrete.NegativeBinomial_mle,1.1048209247547707,
negative_binomial_baseline_b,validation,zero_obs,490644,0,490644,100.0,0.0,0.0,0.02682550990382627,0.015341697137269886,0.07537507041856907,0.15921840314156777,0.05365101980765254,0.02682550990382627,0.044174074862870345,,,,,statsmodels.discrete.NegativeBinomial_mle,1.1048209247547707,
