model_spec,split,scope,n_rows,target_mean,target_variance,zero_pct,mean_poisson_deviance,mae,rmse,pearson_dispersion,calibration_mean_abs_gap_decile,mean_poisson_deviance_base,mae_base,rmse_base,pearson_dispersion_base,calibration_gap_base,delta_mean_poisson_deviance,delta_mae,delta_rmse,delta_pearson_dispersion,delta_calibration_gap,traffic_block_description,includes_traffic,includes_support_quality,includes_vmed,uses_transformed_traffic
traffic_A_core,train,overall,149208,0.0230148517505764,0.0227936155749296,97.7139,0.160917768976718,0.0443108594565829,0.149844154543705,1.01961124975025,0.00310600886054797,0.161049996606558,0.0443191118631956,0.149850700181895,1.02414019923208,0.0029123719388742,-0.000132227629839415,-8.25240661262577e-06,-6.54563818969223e-06,-0.00452894948183191,0.000193636921673771,Covered flag + intensidad + ocupacion.,TRUE,FALSE,FALSE,FALSE
traffic_A_core,train,covered_only,135237,0.0233220198614285,0.0230888398751594,97.6833,0.162749293391917,0.0448865538540103,0.150822804972494,1.02820981682921,0.00286164318540484,0.162871518618636,0.0446442334017191,0.150830068350502,1.04271751456482,0.00297594617619647,-0.000122225226718731,0.000242320452291132,-7.2633780079101e-06,-0.0145076977356098,-0.000114302990791634,Covered flag + intensidad + ocupacion.,TRUE,FALSE,FALSE,FALSE
traffic_A_core,train,positive_only,3411,1.0067428906479,0.00669938812759478,0,5.10075746451172,0.969149028667102,0.972729957259172,43.6318932781358,0.969148662850143,5.10618053550114,0.969329521942322,0.972904263546096,43.8298234545536,0.969329153449218,-0.00542307098942185,-0.000180493275219629,-0.000174306286924497,-0.197930176417799,-0.000180490599074878,Covered flag + intensidad + ocupacion.,TRUE,FALSE,FALSE,FALSE
traffic_A_core,train,zero_only,145797,0,0,100,0.0453475363829755,0.0226737681914877,0.0290108720643653,0.0226737681914877,0.0226737794306851,0.0453559818588643,0.0226779909294322,0.0289085456143068,0.0226779909294322,0.0226779942731727,-8.44547588883804e-06,-4.22273794441902e-06,0.000102326450058456,-4.22273794441555e-06,-4.214842487648e-06,Covered flag + intensidad + ocupacion.,TRUE,FALSE,FALSE,FALSE
traffic_A_core,validation,overall,74604,0.0216074205136454,0.0218110376007936,97.8674,0.155193699740426,0.0372584371912701,0.146802507689315,1.27483549686245,0.00479390640955651,0.155532483827395,0.037090893765367,0.146838541020533,1.29647924383682,0.00498348408318944,-0.000338784086969246,0.000167543425903145,-3.60333312178773e-05,-0.021643746974368,-0.000189577673632931,Covered flag + intensidad + ocupacion.,TRUE,FALSE,FALSE,FALSE
traffic_A_core,validation,covered_only,67249,0.0220821127451709,0.0223383306949414,97.823,0.157484431688086,0.0379335755188781,0.148542663736703,1.27216072356132,0.00502333056203937,0.157889877834427,0.0375852945566837,0.148582971788623,1.30717228914798,0.00540583390146053,-0.000405446146340999,0.000348280962194372,-4.0308051919985e-05,-0.0350115655866641,-0.000382503339421162,Covered flag + intensidad + ocupacion.,TRUE,FALSE,FALSE,FALSE
traffic_A_core,validation,positive_only,1591,1.01319924575739,0.0180646640497452,0,5.75492633529566,0.985944035341189,0.994992616256108,59.0174958641965,0.985946046820563,5.78755825308859,0.986460664408488,0.995505955233076,60.0407714555654,0.986462712319066,-0.0326319177929335,-0.000516629067299212,-0.000513338976968703,-1.02327559136889,-0.000516665498503266,Covered flag + intensidad + ocupacion.,TRUE,FALSE,FALSE,FALSE
traffic_A_core,validation,zero_only,73013,0,0,100,0.0331719416539434,0.0165859708269717,0.0211572121003469,0.0165859708269717,0.0165861161972683,0.032807037689111,0.0164035188445555,0.0208847639673523,0.0164035188445555,0.0164036623550818,0.000364903964832332,0.000182451982416166,0.0002724481329946,0.000182451982416166,0.000182453842186455,Covered flag + intensidad + ocupacion.,TRUE,FALSE,FALSE,FALSE
traffic_A_core,test,overall,74604,0.0261514127928797,0.0260040292433426,97.409,0.181747668414942,0.0403278606818775,0.160403745363593,52.9791805230527,0.010642556726101,0.182501988736839,0.0399049252405633,0.160472465753578,54.9724888962861,0.0111233386268181,-0.000754320321897178,0.000422935441314179,-6.87203899848443e-05,-1.9933083732334,-0.000480781900717117,Covered flag + intensidad + ocupacion.,TRUE,FALSE,FALSE,FALSE
traffic_A_core,test,covered_only,66417,0.0264239577216676,0.0263283840369561,97.3847,0.182941195443475,0.0408020294143104,0.161370717407858,59.2960029161049,0.0107605526073389,0.18401049600482,0.0401685324423121,0.1614645155341,61.5512076689944,0.0114339039120753,-0.00106930056134452,0.000633496971998292,-9.37981262418286e-05,-2.25520475288947,-0.000673351304736407,Covered flag + intensidad + ocupacion.,TRUE,FALSE,FALSE,FALSE
traffic_A_core,test,positive_only,1933,1.00931195033626,0.0113004062598071,0,5.86883435617526,0.983598859979318,0.989301894983031,2044.15492013443,0.983601235926466,5.93244283751385,0.984523466757662,0.990230621858093,2121.10376535806,0.984529032355958,-0.0636084813385924,-0.000924606778343717,-0.000928726875061514,-76.9488452236269,-0.00092779642949159,Covered flag + intensidad + ocupacion.,TRUE,FALSE,FALSE,FALSE
traffic_A_core,test,zero_only,72671,0,0,100,0.0304749658590294,0.0152374829295147,0.0195062734199903,0.0152374829295147,0.0152375467805967,0.0295574075327,0.01477870376635,0.0188210139789927,0.01477870376635,0.0147787634905142,0.000917558326329389,0.000458779163164695,0.000685259440997618,0.000458779163164691,0.000458783290082501,Covered flag + intensidad + ocupacion.,TRUE,FALSE,FALSE,FALSE
traffic_B_core_support,train,overall,149208,0.0230148517505764,0.0227936155749296,97.7139,0.160506609378999,0.0442707804740321,0.149763794678856,1.0247483719022,0.00281702167872995,0.161049996606558,0.0443191118631956,0.149850700181895,1.02414019923208,0.0029123719388742,-0.000543387227558839,-4.83313891634085e-05,-8.69055030390531e-05,0.000608172670119922,-9.53502601442431e-05,Core traffic + support/quality block.,TRUE,TRUE,FALSE,FALSE
traffic_B_core_support,train,covered_only,135237,0.0233220198614285,0.0230888398751594,97.6833,0.162428882650987,0.0448507466793785,0.150748269039591,1.02680810459762,0.00259594769306775,0.162871518618636,0.0446442334017191,0.150830068350502,1.04271751456482,0.00297594617619647,-0.000442635967648652,0.000206513277659401,-8.17993109104021e-05,-0.0159094099672017,-0.000379998483128718,Core traffic + support/quality block.,TRUE,TRUE,FALSE,FALSE
traffic_B_core_support,train,positive_only,3411,1.0067428906479,0.00669938812759478,0,5.084525216965,0.968272437523419,0.971864001423398,43.8574839478765,0.968271808637251,5.10618053550114,0.969329521942322,0.972904263546096,43.8298234545536,0.969329153449218,-0.0216553185361388,-0.00105708441890295,-0.00104026212269814,0.0276604933229763,-0.0010573448119664,Core traffic + support/quality block.,TRUE,TRUE,FALSE,FALSE
traffic_B_core_support,train,zero_only,145797,0,0,100,0.0453065197305432,0.0226532598652716,0.0292640987731415,0.0226532598652716,0.0226532602440707,0.0453559818588643,0.0226779909294322,0.0289085456143068,0.0226779909294322,0.0226779942731727,-4.94621283210969e-05,-2.47310641605485e-05,0.000355553158834704,-2.47310641605485e-05,-2.47340291020352e-05,Core traffic + support/quality block.,TRUE,TRUE,FALSE,FALSE
traffic_B_core_support,validation,overall,74604,0.0216074205136454,0.0218110376007936,97.8674,0.154589324254077,0.0373113490113117,0.146718759656066,1.27146921743907,0.00472080244609556,0.155532483827395,0.037090893765367,0.146838541020533,1.29647924383682,0.00498348408318944,-0.000943159573318947,0.000220455245944745,-0.000119781364466665,-0.0250100263977457,-0.000262681637093878,Core traffic + support/quality block.,TRUE,TRUE,FALSE,FALSE
traffic_B_core_support,validation,covered_only,67249,0.0220821127451709,0.0223383306949414,97.823,0.156930286984708,0.0380295608540333,0.148460937135804,1.25477397944187,0.00510491402276248,0.157889877834427,0.0375852945566837,0.148582971788623,1.30717228914798,0.00540583390146053,-0.000959590849719944,0.000444266297349574,-0.000122034652819153,-0.0523983097061112,-0.000300919878698059,Core traffic + support/quality block.,TRUE,TRUE,FALSE,FALSE
traffic_B_core_support,validation,positive_only,1591,1.01319924575739,0.0180646640497452,0,5.71986157514932,0.985062722404538,0.994069100994023,58.8562843541989,0.985064218888693,5.78755825308859,0.986460664408488,0.995505955233076,60.0407714555654,0.986462712319066,-0.0676966779392707,-0.00139794200395027,-0.00143685423905371,-1.18448710136655,-0.00139849343037313,Core traffic + support/quality block.,TRUE,TRUE,FALSE,FALSE
traffic_B_core_support,validation,zero_only,73013,0,0,100,0.0333184800047739,0.016659240002387,0.0215066965525731,0.0166592400023869,0.0166593885809752,0.032807037689111,0.0164035188445555,0.0208847639673523,0.0164035188445555,0.0164036623550818,0.000511442315662872,0.000255721157831436,0.000621932585220798,0.000255721157831432,0.000255726225893371,Core traffic + support/quality block.,TRUE,TRUE,FALSE,FALSE
traffic_B_core_support,test,overall,74604,0.0261514127928797,0.0260040292433426,97.409,0.180793862613978,0.0402699500524383,0.16030511309921,51.9130129033676,0.010731998535313,0.182501988736839,0.0399049252405633,0.160472465753578,54.9724888962861,0.0111233386268181,-0.00170812612286078,0.000365024811875045,-0.000167352654368569,-3.0594759929185,-0.00039134009150509,Core traffic + support/quality block.,TRUE,TRUE,FALSE,FALSE
traffic_B_core_support,test,covered_only,66417,0.0264239577216676,0.0263283840369561,97.3847,0.182420659505181,0.0409215435293083,0.161289180132173,58.1016987805988,0.0107304679631216,0.18401049600482,0.0401685324423121,0.1614645155341,61.5512076689944,0.0114339039120753,-0.00158983649963854,0.000753011086996186,-0.000175335401927129,-3.44950888839557,-0.000703435948953715,Core traffic + support/quality block.,TRUE,TRUE,FALSE,FALSE
traffic_B_core_support,test,positive_only,1933,1.00931195033626,0.0113004062598071,0,5.83511111935579,0.98290821900821,0.988527919468667,2003.00779972916,0.982901577942841,5.93244283751385,0.984523466757662,0.990230621858093,2121.10376535806,0.984529032355958,-0.0973317181580642,-0.00161524774945165,-0.00170270238942605,-118.095965628896,-0.00162745441311662,Core traffic + support/quality block.,TRUE,TRUE,FALSE,FALSE
traffic_B_core_support,test,zero_only,72671,0,0,100,0.030392805008029,0.0151964025040145,0.0197164678574947,0.0151964025040145,0.0151964656092134,0.0295574075327,0.01477870376635,0.0188210139789927,0.01477870376635,0.0147787634905142,0.000835397475328983,0.000417698737664491,0.000895453878502046,0.000417698737664488,0.000417702118699199,Core traffic + support/quality block.,TRUE,TRUE,FALSE,FALSE
traffic_C_core_support_vmed,train,overall,149208,0.0230148517505764,0.0227936155749296,97.7139,0.160504944757432,0.0442707317578671,0.149763898385646,1.02445796130961,0.00273768696160362,0.161049996606558,0.0443191118631956,0.149850700181895,1.02414019923208,0.0029123719388742,-0.000545051849125622,-4.83801053284688e-05,-8.68017962484258e-05,0.000317762077525208,-0.000174684977270572,Core traffic + support/quality + vmed.,TRUE,TRUE,TRUE,FALSE
traffic_C_core_support_vmed,train,covered_only,135237,0.0233220198614285,0.0230888398751594,97.6833,0.16242577555646,0.0448506115835409,0.150748249136468,1.02647966746761,0.00259617699269379,0.162871518618636,0.0446442334017191,0.150830068350502,1.04271751456482,0.00297594617619647,-0.000445743062176152,0.000206378181821808,-8.18192140336904e-05,-0.0162378470972082,-0.000379769183502682,Core traffic + support/quality + vmed.,TRUE,TRUE,TRUE,FALSE
traffic_C_core_support_vmed,train,positive_only,3411,1.0067428906479,0.00669938812759478,0,5.08445453210803,0.968271372018358,0.971861918180231,43.8447815294373,0.968270747815641,5.10618053550114,0.969329521942322,0.972904263546096,43.8298234545536,0.969329153449218,-0.0217260033931153,-0.00105814992396358,-0.00104234536586545,0.0149580748837863,-0.00105840563357607,Core traffic + support/quality + vmed.,TRUE,TRUE,TRUE,FALSE
traffic_C_core_support_vmed,train,zero_only,145797,0,0,100,0.04530646987487,0.022653234937435,0.0292662604595718,0.022653234937435,0.0226532453157562,0.0453559818588643,0.0226779909294322,0.0289085456143068,0.0226779909294322,0.0226779942731727,-4.95119839943187e-05,-2.47559919971593e-05,0.000357714845265023,-2.47559919971593e-05,-2.47489574164844e-05,Core traffic + support/quality + vmed.,TRUE,TRUE,TRUE,FALSE
traffic_C_core_support_vmed,validation,overall,74604,0.0216074205136454,0.0218110376007936,97.8674,0.1545729332584,0.0373258095883456,0.146718247767599,1.26946611029883,0.00468783994411237,0.155532483827395,0.037090893765367,0.146838541020533,1.29647924383682,0.00498348408318944,-0.000959550568995327,0.000234915822978674,-0.000120293252933917,-0.0270131335379886,-0.000295644139077066,Core traffic + support/quality + vmed.,TRUE,TRUE,TRUE,FALSE
traffic_C_core_support_vmed,validation,covered_only,67249,0.0220821127451709,0.0223383306949414,97.823,0.156912111101815,0.0380436245633226,0.148460281255591,1.25285430701717,0.00503272754930425,0.157889877834427,0.0375852945566837,0.148582971788623,1.30717228914798,0.00540583390146053,-0.000977766732612212,0.000458330006638946,-0.000122690533031655,-0.0543179821308046,-0.000373106352156288,Core traffic + support/quality + vmed.,TRUE,TRUE,TRUE,FALSE
traffic_C_core_support_vmed,validation,positive_only,1591,1.01319924575739,0.0180646640497452,0,5.71768586547709,0.985037239541875,0.994045703431404,58.7616525721661,0.985038751692909,5.78755825308859,0.986460664408488,0.995505955233076,60.0407714555654,0.986462712319066,-0.069872387611496,-0.00142342486661273,-0.00146025180167242,-1.27911888339937,-0.00142396062615713,Core traffic + support/quality + vmed.,TRUE,TRUE,TRUE,FALSE
traffic_C_core_support_vmed,validation,zero_only,73013,0,0,100,0.0333491419450732,0.0166745709725366,0.0215266846626388,0.0166745709725366,0.0166747194977059,0.032807037689111,0.0164035188445555,0.0208847639673523,0.0164035188445555,0.0164036623550818,0.000542104255962149,0.000271052127981074,0.000641920695286569,0.000271052127981074,0.000271057142624084,Core traffic + support/quality + vmed.,TRUE,TRUE,TRUE,FALSE
traffic_C_core_support_vmed,test,overall,74604,0.0261514127928797,0.0260040292433426,97.409,0.180732611320836,0.0403010798100358,0.160300481556727,51.9373347986189,0.0107032319365755,0.182501988736839,0.0399049252405633,0.160472465753578,54.9724888962861,0.0111233386268181,-0.00176937741600261,0.000396154569472514,-0.000171984196851771,-3.03515409766718,-0.000420106690242622,Core traffic + support/quality + vmed.,TRUE,TRUE,TRUE,FALSE
traffic_C_core_support_vmed,test,covered_only,66417,0.0264239577216676,0.0263283840369561,97.3847,0.182357872716501,0.0409541220704466,0.161284385987107,58.1295648840278,0.0106698236945256,0.18401049600482,0.0401685324423121,0.1614645155341,61.5512076689944,0.0114339039120753,-0.00165262328831919,0.000785589628134506,-0.000180129546993646,-3.42164278496655,-0.000764080217549737,Core traffic + support/quality + vmed.,TRUE,TRUE,TRUE,FALSE
traffic_C_core_support_vmed,test,positive_only,1933,1.00931195033626,0.0113004062598071,0,5.83021500698306,0.982843608332752,0.988463300518065,2003.94523551626,0.982836947192044,5.93244283751385,0.984523466757662,0.990230621858093,2121.10376535806,0.984529032355958,-0.10222783053079,-0.00167985842491014,-0.00176732134002811,-117.158529841799,-0.00169208516391439,Core traffic + support/quality + vmed.,TRUE,TRUE,TRUE,FALSE
traffic_C_core_support_vmed,test,zero_only,72671,0,0,100,0.0304601577862064,0.0152300788931032,0.019763926806407,0.0152300788931032,0.0152301421997361,0.0295574075327,0.01477870376635,0.0188210139789927,0.01477870376635,0.0147787634905142,0.000902750253506321,0.00045137512675316,0.000942912827414308,0.00045137512675316,0.000451378709221904,Core traffic + support/quality + vmed.,TRUE,TRUE,TRUE,FALSE
traffic_D_transformed,train,overall,149208,0.0230148517505764,0.0227936155749296,97.7139,0.160438099370653,0.0442674578942033,0.149756018364509,1.02469478301896,0.00265214855405923,0.161049996606558,0.0443191118631956,0.149850700181895,1.02414019923208,0.0029123719388742,-0.000611897235904629,-5.1653968992274e-05,-9.46818173857e-05,0.000554583786877227,-0.000260223384814969,Covered flag + no-time flag + robust transformed traffic core + support/quality.,TRUE,TRUE,FALSE,TRUE
traffic_D_transformed,train,covered_only,135237,0.0233220198614285,0.0230888398751594,97.6833,0.16234557444879,0.0448463671906113,0.150739167668477,1.02707050941131,0.00263791419225619,0.162871518618636,0.0446442334017191,0.150830068350502,1.04271751456482,0.00297594617619647,-0.000525944169845805,0.000202133788892188,-9.09006820251079e-05,-0.0156470051535109,-0.000338031983940282,Covered flag + no-time flag + robust transformed traffic core + support/quality.,TRUE,TRUE,FALSE,TRUE
traffic_D_transformed,train,positive_only,3411,1.0067428906479,0.00669938812759478,0,5.08167371131567,0.96819976742274,0.971792319224649,43.8552124696258,0.968199284056739,5.10618053550114,0.969329521942322,0.972904263546096,43.8298234545536,0.969329153449218,-0.0245068241854716,-0.00112975451958153,-0.00111194432144757,0.0253890150722569,-0.00112986939247872,Covered flag + no-time flag + robust transformed traffic core + support/quality.,TRUE,TRUE,FALSE,TRUE
traffic_D_transformed,train,zero_only,145797,0,0,100,0.0453031194167138,0.0226515597083569,0.0292790611518209,0.0226515597083569,0.0226515686026986,0.0453559818588643,0.0226779909294322,0.0289085456143068,0.0226779909294322,0.0226779942731727,-5.28624421504767e-05,-2.64312210752383e-05,0.000370515537514087,-2.64312210752383e-05,-2.6425670474152e-05,Covered flag + no-time flag + robust transformed traffic core + support/quality.,TRUE,TRUE,FALSE,TRUE
traffic_D_transformed,validation,overall,74604,0.0216074205136454,0.0218110376007936,97.8674,0.154501549060992,0.0373908413834366,0.146710742439498,1.26640938669653,0.00461679244500616,0.155532483827395,0.037090893765367,0.146838541020533,1.29647924383682,0.00498348408318944,-0.00103093476640337,0.000299947618069625,-0.000127798581034649,-0.0300698571402902,-0.000366691638183277,Covered flag + no-time flag + robust transformed traffic core + support/quality.,TRUE,TRUE,FALSE,TRUE
traffic_D_transformed,validation,covered_only,67249,0.0220821127451709,0.0223383306949414,97.823,0.156836735254334,0.0381051775613812,0.148452496819345,1.25043286629884,0.00480755447290873,0.157889877834427,0.0375852945566837,0.148582971788623,1.30717228914798,0.00540583390146053,-0.00105314258009359,0.000519883004697554,-0.000130474969277788,-0.0567394228491387,-0.000598279428551808,Covered flag + no-time flag + robust transformed traffic core + support/quality.,TRUE,TRUE,FALSE,TRUE
traffic_D_transformed,validation,positive_only,1591,1.01319924575739,0.0180646640497452,0,5.7079567841812,0.984895769524149,0.993904376611319,58.615128047675,0.984897530335849,5.78755825308859,0.986460664408488,0.995505955233076,60.0407714555654,0.986462712319066,-0.0796014689073878,-0.00156489488433886,-0.00160157862175792,-1.42564340789043,-0.00156518198321687,Covered flag + no-time flag + robust transformed traffic core + support/quality.,TRUE,TRUE,FALSE,TRUE
traffic_D_transformed,validation,zero_only,73013,0,0,100,0.0334882051485895,0.0167441025742947,0.0216164284140097,0.0167441025742947,0.0167442503940134,0.032807037689111,0.0164035188445555,0.0208847639673523,0.0164035188445555,0.0164036623550818,0.000681167459478431,0.000340583729739215,0.000731664446657405,0.000340583729739215,0.000340588038931541,Covered flag + no-time flag + robust transformed traffic core + support/quality.,TRUE,TRUE,FALSE,TRUE
traffic_D_transformed,test,overall,74604,0.0261514127928797,0.0260040292433426,97.409,0.180511974254881,0.0404522471565515,0.160288073037957,51.2871581986991,0.0104894392644041,0.182501988736839,0.0399049252405633,0.160472465753578,54.9724888962861,0.0111233386268181,-0.00199001448195804,0.000547321915988171,-0.000184392715621401,-3.68533069758697,-0.00063389936241395,Covered flag + no-time flag + robust transformed traffic core + support/quality.,TRUE,TRUE,FALSE,TRUE
traffic_D_transformed,test,covered_only,66417,0.0264239577216676,0.0263283840369561,97.3847,0.182139427935283,0.0411117344994201,0.161272007275084,57.4016176747033,0.0103968455140123,0.18401049600482,0.0401685324423121,0.1614645155341,61.5512076689944,0.0114339039120753,-0.00187106806953657,0.000943202057108031,-0.000192508259016011,-4.14958999429106,-0.00103705839806306,Covered flag + no-time flag + robust transformed traffic core + support/quality.,TRUE,TRUE,FALSE,TRUE
traffic_D_transformed,test,positive_only,1933,1.00931195033626,0.0113004062598071,0,5.80952630544275,0.982591286819564,0.988217713260087,1978.84562843575,0.982587390061656,5.93244283751385,0.984523466757662,0.990230621858093,2121.10376535806,0.984529032355958,-0.122916532071106,-0.00193217993809824,-0.00201290859800596,-142.258136922307,-0.00194164229430227,Covered flag + no-time flag + robust transformed traffic core + support/quality.,TRUE,TRUE,FALSE,TRUE
traffic_D_transformed,test,zero_only,72671,0,0,100,0.0307839575468935,0.0153919787734467,0.0199860337278475,0.0153919787734467,0.0153920464777331,0.0295574075327,0.01477870376635,0.0188210139789927,0.01477870376635,0.0147787634905142,0.00122655001419344,0.000613275007096719,0.00116501974885485,0.000613275007096717,0.000613282987218933,Covered flag + no-time flag + robust transformed traffic core + support/quality.,TRUE,TRUE,FALSE,TRUE
